Product Name,Product Description,Category,ProductCode,SKU,Media Standard Url 1,Media Standard AltText 1,Media Listing URL,Media Listing Title,Media Listing AltText,Product isActive,Price USD
Midnight Roast Mug - Aries,Midnight Roast Line Mug for Aries,Mugs/Midnight Roast Line,MID-RST-MUG-ARIES,MID-RST-MUG-ARIES,https://tzarr-aoi-pim-july22a.my.site.com/B2BLWREnhancedStorefromTSO/sfsites/c/cms/delivery/media/MC7543TYRG2JC5ZDMY3QYTZI3TXQ?version=1.1&channelId=0apHn000000bqmh,Midnight Roast Line Mug for Aries,https://tzarr-aoi-pim-july22a.my.site.com/B2BLWREnhancedStorefromTSO/sfsites/c/cms/delivery/media/MC7543TYRG2JC5ZDMY3QYTZI3TXQ?version=1.1&channelId=0apHn000000bqmh,Midnight Roast Line Mug for Aries,Midnight Roast Line Mug for Aries,TRUE,15.99
Midnight Roast Mug - Cancer,Midnight Roast Line Mug for Cancer,Mugs/Midnight Roast Line,MID-RST-MUG-CANCER,MID-RST-MUG-CANCER,https://tzarr-aoi-pim-july22a.my.site.com/B2BLWREnhancedStorefromTSO/sfsites/c/cms/delivery/media/MCSJ2IT5QUONGIPHUYRHCW4LX2YY?version=1.1&channelId=0apHn000000bqmh,Midnight Roast Line Mug for Cancer,https://tzarr-aoi-pim-july22a.my.site.com/B2BLWREnhancedStorefromTSO/sfsites/c/cms/delivery/media/MCSJ2IT5QUONGIPHUYRHCW4LX2YY?version=1.1&channelId=0apHn000000bqmh,Midnight Roast Line Mug for Cancer,Midnight Roast Line Mug for Cancer,TRUE,15.99
Midnight Roast Mug - Capricorn,Midnight Roast Line Mug for Capricorn,Mugs/Midnight Roast Line,MID-RST-MUG-CAPRICORN,MID-RST-MUG-CAPRICORN,https://tzarr-aoi-pim-july22a.my.site.com/B2BLWREnhancedStorefromTSO/sfsites/c/cms/delivery/media/MCVGODEI6H35HL5IUAL4CPR7CT4I?version=1.1&channelId=0apHn000000bqmh,Midnight Roast Line Mug for Capricorn,https://tzarr-aoi-pim-july22a.my.site.com/B2BLWREnhancedStorefromTSO/sfsites/c/cms/delivery/media/MCVGODEI6H35HL5IUAL4CPR7CT4I?version=1.1&channelId=0apHn000000bqmh,Midnight Roast Line Mug for Capricorn,Midnight Roast Line Mug for Capricorn,TRUE,15.99
Midnight Roast Mug - Leo,Midnight Roast Line Mug for Leo,Mugs/Midnight Roast Line,MID-RST-MUG-LEO,MID-RST-MUG-LEO,https://tzarr-aoi-pim-july22a.my.site.com/B2BLWREnhancedStorefromTSO/sfsites/c/cms/delivery/media/MCV4EBHJFP4FASPB3YWCM5XOFN2Y?version=1.1&channelId=0apHn000000bqmh,Midnight Roast Line Mug for Leo,https://tzarr-aoi-pim-july22a.my.site.com/B2BLWREnhancedStorefromTSO/sfsites/c/cms/delivery/media/MCV4EBHJFP4FASPB3YWCM5XOFN2Y?version=1.1&channelId=0apHn000000bqmh,Midnight Roast Line Mug for Leo,Midnight Roast Line Mug for Leo,TRUE,15.99
Midnight Roast Mug - Scorpio,Midnight Roast Line Mug for Scorpio,Mugs/Midnight Roast Line,MID-RST-MUG-SCOROPIO,MID-RST-MUG-SCOROPIO,https://tzarr-aoi-pim-july22a.my.site.com/B2BLWREnhancedStorefromTSO/sfsites/c/cms/delivery/media/MC64GUHDV4EVGTZCN4YWEKO7DYTQ?version=1.1&channelId=0apHn000000bqmh,Midnight Roast Line Mug for Scorpio,https://tzarr-aoi-pim-july22a.my.site.com/B2BLWREnhancedStorefromTSO/sfsites/c/cms/delivery/media/MC64GUHDV4EVGTZCN4YWEKO7DYTQ?version=1.1&channelId=0apHn000000bqmh,Midnight Roast Line Mug for Scorpio,Midnight Roast Line Mug for Scorpio,TRUE,15.99