Product Name,Product Description,Category,ProductCode,SKU,Media Standard Url 1,Media Standard AltText 1,Media Listing URL,Media Listing Title,Media Listing AltText,Product isActive,Price USD
Obsidian Coffee Beans,"Immerse yourself in the captivating allure of our Obsidian Coffee Beans. These beans, like the glistening volcanic glass they're named after, boast a deep, dark beauty that translates into a rich and intense flavor experience. Carefully roasted to perfection, they release an enticing aroma that enthralls your senses. Indulge in the complex depths of Obsidian as you savor the bold notes of dark chocolate, hints of smokiness, and a velvety smoothness that coats your palate. Whether brewed as a strong espresso or enjoyed as a robust black coffee, Obsidian Coffee Beans offer a truly luxurious and satisfying journey for coffee enthusiasts.",Coffee Beans/Midnight Roast Line,MID-RST-OBSIDIAN,MID-RST-OBSIDIAN,https://tzarr-aoi-pim-july22a.my.site.com/B2BLWREnhancedStorefromTSO/sfsites/c/cms/delivery/media/MCNCOS6G2MAFFUJJXNS3OBJK2XUM?version=1.1&channelId=0apHn000000bqmh,Obsidian Coffee Beans (Midnight Roast),https://tzarr-aoi-pim-july22a.my.site.com/B2BLWREnhancedStorefromTSO/sfsites/c/cms/delivery/media/MCNCOS6G2MAFFUJJXNS3OBJK2XUM?version=1.1&channelId=0apHn000000bqmh,Obsidian Coffee Beans (Midnight Roast),Obsidian Coffee Beans (Midnight Roast),TRUE,17.99
Onyx Coffee Beans,"Elevate your coffee experience with the refined elegance of our Onyx Coffee Beans. Grown at high altitudes and hand-selected with meticulous care, these beans exude a sense of sophistication. Upon brewing, they reveal a well-balanced flavor profile that combines boldness with subtlety. Delight in the harmonious blend of bittersweet cocoa, delicate fruity undertones, and a velvety finish that lingers on your tongue. With each sip, Onyx Coffee Beans offer a moment of indulgence and a symphony of flavors that will captivate your senses. Whether enjoyed as a morning ritual or a well-deserved afternoon treat, Onyx is the epitome of coffee elegance.",Coffee Beans/Midnight Roast Line,MID-RST-ONYX,MID-RST-ONYX,https://tzarr-aoi-pim-july22a.my.site.com/B2BLWREnhancedStorefromTSO/sfsites/c/cms/delivery/media/MC7U7KVSKNSJAKTDKKTFO2N7KI7U?version=1.1&channelId=0apHn000000bqmh,Onyx Coffee Beans (Midnight Roast),https://tzarr-aoi-pim-july22a.my.site.com/B2BLWREnhancedStorefromTSO/sfsites/c/cms/delivery/media/MC7U7KVSKNSJAKTDKKTFO2N7KI7U?version=1.1&channelId=0apHn000000bqmh,Onyx Coffee Beans (Midnight Roast),Onyx Coffee Beans (Midnight Roast),TRUE,17.99
Pitch Coffee Beans,"Ignite your adventurous spirit with our Pitch Coffee Beans. Roasted to a deep, dark perfection, these beans possess an undeniable allure that beckons the daring coffee connoisseur. Experience an intense flavor journey as you immerse yourself in the robust and complex character of Pitch. Revel in the smoky aroma, and allow your taste buds to explore the rich notes of cedar, dark chocolate, and a subtle touch of blackberry. The full-bodied nature and lingering finish of Pitch Coffee Beans leave a lasting impression and awaken your senses. Whether enjoyed as a strong espresso shot or brewed into a soulful cup of French press coffee, Pitch will satisfy your cravings for depth and excitement.",Coffee Beans/Midnight Roast Line,MID-RST-PITCH,MID-RST-PITCH,https://tzarr-aoi-pim-july22a.my.site.com/B2BLWREnhancedStorefromTSO/sfsites/c/cms/delivery/media/MC5YYFKRQV2FBNLCBZHREN4LCQSQ?version=1.1&channelId=0apHn000000bqmh,Pitch Coffee Beans (Midnight Roast),https://tzarr-aoi-pim-july22a.my.site.com/B2BLWREnhancedStorefromTSO/sfsites/c/cms/delivery/media/MC5YYFKRQV2FBNLCBZHREN4LCQSQ?version=1.1&channelId=0apHn000000bqmh,Pitch Coffee Beans (Midnight Roast),Pitch Coffee Beans (Midnight Roast),TRUE,17.99
Raven Coffee Beans,"Unleash your coffee-loving soul with our Raven Coffee Beans. Roasted to perfection, these beans embody a dark and alluring character that mirrors the mysterious nature of the raven. Indulge in the enchanting flavors of Raven as you savor the unique combination of earthy richness and smooth decadence. With each sip, you'll be greeted by velvety notes of dark chocolate, toasted caramel, and a hint of sweetness. The full-bodied experience and lingering finish of Raven Coffee Beans will transport you to a realm of coffee bliss. Whether enjoyed as a comforting morning brew or a comforting after-dinner delight, Raven promises to awaken your senses and leave you yearning for more.",Coffee Beans/Midnight Roast Line,MID-RST-RAVEN,MID-RST-RAVEN,https://tzarr-aoi-pim-july22a.my.site.com/B2BLWREnhancedStorefromTSO/sfsites/c/cms/delivery/media/MCAF745LCL2FHERGN4NG4SZA4GDA?version=1.1&channelId=0apHn000000bqmh,Raven Coffee Beans (Midnight Roast),https://tzarr-aoi-pim-july22a.my.site.com/B2BLWREnhancedStorefromTSO/sfsites/c/cms/delivery/media/MCAF745LCL2FHERGN4NG4SZA4GDA?version=1.1&channelId=0apHn000000bqmh,Raven Coffee Beans (Midnight Roast),Raven Coffee Beans (Midnight Roast),TRUE,17.99
Sampler Pack,"A sampler pack of our four extravagent Midnight Roast Line flavors: Obsydian, Onyx, Pitch and Raven.",Coffee Beans/Midnight Roast Line,MID-RST-SAMPLER,MID-RST-SAMPLER,https://tzarr-aoi-pim-july22a.my.site.com/B2BLWREnhancedStorefromTSO/sfsites/c/cms/delivery/media/MCZACW6WADGBETRB7YFQKAFEXDXI?version=1.1&channelId=0apHn000000bqmh,Sampler Pack (Midnight Roast),https://tzarr-aoi-pim-july22a.my.site.com/B2BLWREnhancedStorefromTSO/sfsites/c/cms/delivery/media/MCZACW6WADGBETRB7YFQKAFEXDXI?version=1.1&channelId=0apHn000000bqmh,Sampler Pack (Midnight Roast),Sampler Pack (Midnight Roast),TRUE,17.99